{"inputUnits":[63],"outputUnits":10,"inputs":{"0":{"dtype":"number","min":28.37845552016762,"max":367.2851389914161},"1":{"dtype":"number","min":37.25779662190624,"max":594.0398976830646},"2":{"dtype":"number","min":-0.007961995899677277,"max":0.0002833455801010132},"3":{"dtype":"number","min":32.06911418997197,"max":325.77799450102225},"4":{"dtype":"number","min":40.7634930661242,"max":582.8968253514386},"5":{"dtype":"number","min":-37.32529067993164,"max":30.990577697753906},"6":{"dtype":"number","min":22.144411783220278,"max":314.22810101891},"7":{"dtype":"number","min":40.534110400826705,"max":536.2550362733135},"8":{"dtype":"number","min":-68.34929656982422,"max":49.13071060180664},"9":{"dtype":"number","min":19.905208374723486,"max":348.5391754891332},"10":{"dtype":"number","min":37.13927760746452,"max":510.03754597734155},"11":{"dtype":"number","min":-93.54786682128906,"max":63.22761154174805},"12":{"dtype":"number","min":22.322378635877328,"max":393.870179479543},"13":{"dtype":"number","min":32.77718089149653,"max":480.4483967304573},"14":{"dtype":"number","min":-117.43514251708984,"max":69.84172058105469},"15":{"dtype":"number","min":17.282261393098963,"max":296.4472013567475},"16":{"dtype":"number","min":19.981103416859952,"max":392.6915119508551},"17":{"dtype":"number","min":-81.82933044433594,"max":56.50896453857422},"18":{"dtype":"number","min":14.175229336285668,"max":282.9905924859289},"19":{"dtype":"number","min":24.53441621024561,"max":325.6229720837506},"20":{"dtype":"number","min":-118.93785858154297,"max":78.99565887451172},"21":{"dtype":"number","min":19.5253898212506,"max":305.26960401878955},"22":{"dtype":"number","min":24.349403336195877,"max":375.72809848260397},"23":{"dtype":"number","min":-140.32598876953125,"max":85.10839080810547},"24":{"dtype":"number","min":25.849480585080528,"max":324.15804266870214},"25":{"dtype":"number","min":26.31281831020297,"max":434.8330306985504},"26":{"dtype":"number","min":-150.3309326171875,"max":86.42212677001953},"27":{"dtype":"number","min":29.952613300490214,"max":346.8849350047295},"28":{"dtype":"number","min":17.081125653515244,"max":374.4828153351013},"29":{"dtype":"number","min":-80.3763198852539,"max":49.49060821533203},"30":{"dtype":"number","min":29.19215094698916,"max":330.80976773216946},"31":{"dtype":"number","min":24.198423824637217,"max":299.93183687224365},"32":{"dtype":"number","min":-123.15596008300781,"max":71.25357055664062},"33":{"dtype":"number","min":29.158895799193942,"max":332.1584195270257},"34":{"dtype":"number","min":20.849250039300898,"max":344.18595009607134},"35":{"dtype":"number","min":-141.1465301513672,"max":71.70428466796875},"36":{"dtype":"number","min":29.20326763215769,"max":347.4824445195433},"37":{"dtype":"number","min":19.521367738142118,"max":384.71645179842733},"38":{"dtype":"number","min":-148.30862426757812,"max":71.0501708984375},"39":{"dtype":"number","min":27.409008585840013,"max":393.9940568794313},"40":{"dtype":"number","min":17.92122805999054,"max":388.0529007333401},"41":{"dtype":"number","min":-79.90718841552734,"max":44.52223205566406},"42":{"dtype":"number","min":26.95553284162446,"max":409.51423818918283},"43":{"dtype":"number","min":24.855952872884984,"max":330.63142401152066},"44":{"dtype":"number","min":-116.71849822998047,"max":62.5897216796875},"45":{"dtype":"number","min":26.632685489665562,"max":437.1925304023137},"46":{"dtype":"number","min":27.38437637335275,"max":380.14761343991086},"47":{"dtype":"number","min":-124.16624450683594,"max":59.16498565673828},"48":{"dtype":"number","min":26.281316610164822,"max":452.8530725777157},"49":{"dtype":"number","min":26.315768109365024,"max":425.2656108900211},"50":{"dtype":"number","min":-122.11400604248047,"max":56.149658203125},"51":{"dtype":"number","min":26.482235155592946,"max":429.9875969320141},"52":{"dtype":"number","min":20.513820897648884,"max":437.7891086915597},"53":{"dtype":"number","min":-80.2441635131836,"max":42.247135162353516},"54":{"dtype":"number","min":27.554243545382064,"max":448.88856266788935},"55":{"dtype":"number","min":24.97953810212482,"max":403.0699872447666},"56":{"dtype":"number","min":-106.13160705566406,"max":51.868865966796875},"57":{"dtype":"number","min":28.214120845165553,"max":467.543424852313},"58":{"dtype":"number","min":35.46783642700356,"max":436.28646259029347},"59":{"dtype":"number","min":-111.23139953613281,"max":58.62821578979492},"60":{"dtype":"number","min":28.628058456839256,"max":487.2367111667026},"61":{"dtype":"number","min":34.656816664037194,"max":473.4400419214022},"62":{"dtype":"number","min":-110.67361450195312,"max":64.09696197509766}},"outputs":{"0":{"dtype":"string","min":0,"max":1,"uniqueValues":["0","1","2","3","4","5","6","7","8","9"],"legend":{"0":[1,0,0,0,0,0,0,0,0,0],"1":[0,1,0,0,0,0,0,0,0,0],"2":[0,0,1,0,0,0,0,0,0,0],"3":[0,0,0,1,0,0,0,0,0,0],"4":[0,0,0,0,1,0,0,0,0,0],"5":[0,0,0,0,0,1,0,0,0,0],"6":[0,0,0,0,0,0,1,0,0,0],"7":[0,0,0,0,0,0,0,1,0,0],"8":[0,0,0,0,0,0,0,0,1,0],"9":[0,0,0,0,0,0,0,0,0,1]}}},"isNormalized":true}