{"inputUnits":[63],"outputUnits":10,"inputs":{"0":{"dtype":"number","min":94.85909092604919,"max":367.2851389914161},"1":{"dtype":"number","min":135.1271628386768,"max":594.0398976830646},"2":{"dtype":"number","min":-0.0019475072622299194,"max":0.0002584978938102722},"3":{"dtype":"number","min":67.30725859855107,"max":325.77799450102225},"4":{"dtype":"number","min":117.4707348487216,"max":582.8968253514386},"5":{"dtype":"number","min":-20.241960525512695,"max":29.17275047302246},"6":{"dtype":"number","min":52.26092219756862,"max":314.22810101891},"7":{"dtype":"number","min":99.68797504781094,"max":536.2550362733135},"8":{"dtype":"number","min":-29.931028366088867,"max":36.90168380737305},"9":{"dtype":"number","min":51.57187578175166,"max":348.5391754891332},"10":{"dtype":"number","min":77.06875872088992,"max":510.03754597734155},"11":{"dtype":"number","min":-37.08446502685547,"max":38.149906158447266},"12":{"dtype":"number","min":49.99599345639575,"max":393.870179479543},"13":{"dtype":"number","min":62.70991014255958,"max":480.4483967304573},"14":{"dtype":"number","min":-44.22832489013672,"max":39.75876235961914},"15":{"dtype":"number","min":56.80100750272533,"max":296.4472013567475},"16":{"dtype":"number","min":71.24079801289847,"max":392.6915119508551},"17":{"dtype":"number","min":-56.53385543823242,"max":36.52117919921875},"18":{"dtype":"number","min":49.202443272130154,"max":268.55732078412285},"19":{"dtype":"number","min":43.25549803031086,"max":325.6229720837506},"20":{"dtype":"number","min":-74.06111145019531,"max":35.14579391479492},"21":{"dtype":"number","min":52.795030700550114,"max":247.41955893548555},"22":{"dtype":"number","min":40.30108365364046,"max":375.72809848260397},"23":{"dtype":"number","min":-77.66114044189453,"max":32.682254791259766},"24":{"dtype":"number","min":53.81239523563676,"max":237.21564998376255},"25":{"dtype":"number","min":44.32653425206934,"max":434.8330306985504},"26":{"dtype":"number","min":-79.25556945800781,"max":33.94251251220703},"27":{"dtype":"number","min":73.02894441172049,"max":346.8849350047295},"28":{"dtype":"number","min":68.00356300332462,"max":374.4828153351013},"29":{"dtype":"number","min":-57.634742736816406,"max":22.56637954711914},"30":{"dtype":"number","min":68.71523417576634,"max":330.80976773216946},"31":{"dtype":"number","min":40.37066172136308,"max":299.93183687224365},"32":{"dtype":"number","min":-82.72709655761719,"max":19.338335037231445},"33":{"dtype":"number","min":55.92807750849266,"max":327.46141195667064},"34":{"dtype":"number","min":50.37073602488361,"max":344.18595009607134},"35":{"dtype":"number","min":-90.12989044189453,"max":17.812339782714844},"36":{"dtype":"number","min":52.83167298596828,"max":333.52526824839566},"37":{"dtype":"number","min":51.58450829757027,"max":384.71645179842733},"38":{"dtype":"number","min":-95.2221450805664,"max":27.152008056640625},"39":{"dtype":"number","min":89.82470476217964,"max":393.9940568794313},"40":{"dtype":"number","min":67.10856230459964,"max":388.0529007333401},"41":{"dtype":"number","min":-55.40806579589844,"max":9.998745918273926},"42":{"dtype":"number","min":79.77181259842916,"max":409.51423818918283},"43":{"dtype":"number","min":41.73125930628363,"max":330.63142401152066},"44":{"dtype":"number","min":-77.9268798828125,"max":6.219274520874023},"45":{"dtype":"number","min":60.87174677059107,"max":437.1925304023137},"46":{"dtype":"number","min":55.59445606824663,"max":380.14761343991086},"47":{"dtype":"number","min":-85.92306518554688,"max":9.632704734802246},"48":{"dtype":"number","min":60.080075738572305,"max":452.8530725777157},"49":{"dtype":"number","min":69.59651188739309,"max":425.2656108900211},"50":{"dtype":"number","min":-90.54766082763672,"max":17.87404441833496},"51":{"dtype":"number","min":85.1219419125043,"max":429.9875969320141},"52":{"dtype":"number","min":66.9054713630585,"max":437.7891086915597},"53":{"dtype":"number","min":-51.356597900390625,"max":6.171584129333496},"54":{"dtype":"number","min":61.40645543640764,"max":448.88856266788935},"55":{"dtype":"number","min":49.12587481745007,"max":403.0699872447666},"56":{"dtype":"number","min":-69.54835510253906,"max":-0.8460980653762817},"57":{"dtype":"number","min":46.196400671866655,"max":467.543424852313},"58":{"dtype":"number","min":58.417318715215785,"max":436.28646259029347},"59":{"dtype":"number","min":-78.96615600585938,"max":1.657024621963501},"60":{"dtype":"number","min":38.24889188358415,"max":487.2367111667026},"61":{"dtype":"number","min":69.11580173683132,"max":473.4400419214022},"62":{"dtype":"number","min":-85.84413146972656,"max":9.096626281738281}},"outputs":{"0":{"dtype":"string","min":0,"max":1,"uniqueValues":["0","1","2","3","4","5","6","7","8","9"],"legend":{"0":[1,0,0,0,0,0,0,0,0,0],"1":[0,1,0,0,0,0,0,0,0,0],"2":[0,0,1,0,0,0,0,0,0,0],"3":[0,0,0,1,0,0,0,0,0,0],"4":[0,0,0,0,1,0,0,0,0,0],"5":[0,0,0,0,0,1,0,0,0,0],"6":[0,0,0,0,0,0,1,0,0,0],"7":[0,0,0,0,0,0,0,1,0,0],"8":[0,0,0,0,0,0,0,0,1,0],"9":[0,0,0,0,0,0,0,0,0,1]}}},"isNormalized":true}